14日（今天）,小雨,,15℃
15日（明天）,小雨转阴,20℃,14℃
16日（后天）,小雨,24℃,15℃
17日（周一）,多云,24℃,16℃
18日（周二）,阴转小雨,28℃,17℃
19日（周三）,小雨转中雨,23℃,17℃
20日（周四）,中雨转多云,19℃,16℃
14日（今天）,小雨,,15℃
15日（明天）,小雨转阴,20℃,14℃
16日（后天）,小雨,24℃,15℃
17日（周一）,多云,24℃,16℃
18日（周二）,阴转小雨,28℃,17℃
19日（周三）,小雨转中雨,23℃,17℃
20日（周四）,中雨转多云,19℃,16℃
14日（今天）,小雨,,15℃
15日（明天）,小雨转阴,20℃,14℃
16日（后天）,小雨,24℃,15℃
17日（周一）,多云,24℃,16℃
18日（周二）,阴转小雨,28℃,17℃
19日（周三）,小雨转中雨,23℃,17℃
20日（周四）,中雨转多云,19℃,16℃
14日（今天）,小雨,,15℃
15日（明天）,小雨转阴,20℃,14℃
16日（后天）,小雨,24℃,15℃
17日（周一）,多云,24℃,16℃
18日（周二）,阴转小雨,28℃,17℃
19日（周三）,小雨转中雨,23℃,17℃
20日（周四）,中雨转多云,19℃,16℃
14日（今天）,小雨,,15℃
15日（明天）,小雨转阴,20℃,14℃
16日（后天）,小雨,24℃,15℃
17日（周一）,多云,24℃,16℃
18日（周二）,阴转小雨,28℃,17℃
19日（周三）,小雨转中雨,23℃,17℃
20日（周四）,中雨转多云,19℃,16℃
14日（今天）,小雨,,15℃
15日（明天）,小雨转阴,20℃,14℃
16日（后天）,小雨,24℃,15℃
17日（周一）,多云,24℃,16℃
18日（周二）,阴转小雨,28℃,17℃
19日（周三）,小雨转中雨,23℃,17℃
20日（周四）,中雨转多云,19℃,16℃
14日（今天）,小雨,,15℃
15日（明天）,小雨转阴,20℃,14℃
16日（后天）,小雨,24℃,15℃
17日（周一）,多云,24℃,16℃
18日（周二）,阴转小雨,28℃,17℃
19日（周三）,小雨转中雨,23℃,17℃
20日（周四）,中雨转多云,19℃,16℃
14日（今天）,小雨,,15℃
15日（明天）,小雨转阴,20℃,14℃
16日（后天）,小雨,24℃,15℃
17日（周一）,多云,24℃,16℃
18日（周二）,阴转小雨,28℃,17℃
19日（周三）,小雨转中雨,23℃,17℃
20日（周四）,中雨转多云,19℃,16℃
14日（今天）,小雨,,15℃
15日（明天）,小雨转阴,20℃,14℃
16日（后天）,小雨,24℃,15℃
17日（周一）,多云,24℃,16℃
18日（周二）,阴转小雨,28℃,17℃
19日（周三）,小雨转中雨,23℃,17℃
20日（周四）,中雨转多云,19℃,16℃
14日（今天）,小雨,,15℃
15日（明天）,小雨转阴,20℃,14℃
16日（后天）,小雨,24℃,15℃
17日（周一）,多云,24℃,16℃
18日（周二）,阴转小雨,28℃,17℃
19日（周三）,小雨转中雨,23℃,17℃
20日（周四）,中雨转多云,19℃,16℃
15日（今天）,中雨转小雨,21,16℃
16日（明天）,阵雨,23,15℃
17日（后天）,小雨转多云,24,17℃
18日（周二）,中雨转小雨,26,20℃
19日（周三）,小雨转中雨,23,16℃
20日（周四）,小雨转晴,21,15℃
21日（周五）,晴转多云,21,14℃
15日（今天）,中雨转小雨,21,16℃
16日（明天）,阵雨,23,15℃
17日（后天）,小雨转多云,24,17℃
18日（周二）,中雨转小雨,26,20℃
19日（周三）,小雨转中雨,23,16℃
20日（周四）,小雨转晴,21,15℃
21日（周五）,晴转多云,21,14℃
15日（今天）,中雨转小雨,21,16℃
16日（明天）,阵雨,23,15℃
17日（后天）,小雨转多云,24,17℃
18日（周二）,中雨转小雨,26,20℃
19日（周三）,小雨转中雨,23,16℃
20日（周四）,小雨转晴,21,15℃
21日（周五）,晴转多云,21,14℃
15日（今天）,中雨转小雨,21,16℃
16日（明天）,阵雨,23,15℃
17日（后天）,小雨转多云,24,17℃
18日（周二）,中雨转小雨,26,20℃
19日（周三）,小雨转中雨,23,16℃
20日（周四）,小雨转晴,21,15℃
21日（周五）,晴转多云,21,14℃
15日（今天）,中雨转小雨,21,16℃
16日（明天）,阵雨,23,15℃
17日（后天）,小雨转多云,24,17℃
18日（周二）,中雨转小雨,26,20℃
19日（周三）,小雨转中雨,23,16℃
20日（周四）,小雨转晴,21,15℃
21日（周五）,晴转多云,21,14℃
15日（今天）,中雨转小雨,21,16℃
16日（明天）,阵雨,23,15℃
17日（后天）,小雨转多云,24,17℃
18日（周二）,中雨转小雨,26,20℃
19日（周三）,小雨转中雨,23,16℃
20日（周四）,小雨转晴,21,15℃
21日（周五）,晴转多云,21,14℃
15日（今天）,中雨转小雨,21,16℃
16日（明天）,阵雨,23,15℃
17日（后天）,小雨转多云,24,17℃
18日（周二）,中雨转小雨,26,20℃
19日（周三）,小雨转中雨,23,16℃
20日（周四）,小雨转晴,21,15℃
21日（周五）,晴转多云,21,14℃
